,,,,,,,,,,,,,,,,,,,,
,,,,,,,,,,,,,,,,,,,,
Site Locations,,,,,,,,,,,NVUM Inventory Design,,,,,,,,,
,,,,,,,,,,,,,,,,,,,,
,,,,,,,,,,,,,,,,,,,,
Active,,,Day-use Developed Site,,,,,Sequoia NF,,,,,,,,,,Round:,5,
,,,,,,,,,,,,,,,,,,,,
,,,,SITENAME,,,,,,RD_CODE,,,LATITUDE,,,,LONGITUDE,,,
,,,,,,,,,,,,,,,,,,,,
11132,,,,Powder Can Picnic Area,,,,,,Hume Lake Ranger District,,36.788091,,,,-118.913270,,,,
,,,,,,,,,,,,,,,,,,,,
,,,,,,,,,,,,,,,,,,,,
11141,,,,Boyden Cavern,,,,,,Hume Lake Ranger District,,36.815900,,,,-118.819036,,,,
,,,,,,,,,,,,,,,,,,,,
,,,,,,,,,,,,,,,,,,,,
11229,,,,Live Oak Picnic,,,,,,Kern River Ranger District,,35.479461,,,,-118.731751,,,,
,,,,,,,,,,,,,,,,,,,,
,,,,,,,,,,,,,,,,,,,,
11230,,,,Lower Richbar Picnic,,,,,,Kern River Ranger District,,35.475921,,,,-118.724661,,,,
,,,,,,,,,,,,,,,,,,,,
,,,,,,,,,,,,,,,,,,,,
11231,,,,Upper Richbar Family Picnic,,,,,,Kern River Ranger District,,35.475801,,,,-118.722496,,,,
,,,,,,,,,,,,,,,,,,,,
,,,,,,,,,,,,,,,,,,,,
11232,,,,Cyrus Canyon OHV,,,,,,Kern River Ranger District,,35.704046,,,,-118.414942,,,,
,,,,,,,,,,,,,,,,,,,,
,,,,,,,,,,,,,,,,,,,,
11246,,,,Alta Sierra Ski Resort,,,,,,Kern River Ranger District,,35.711020,,,,-118.560097,,,,
,,,,,,,,,,,,,,,,,,,,
,,,,,,,,,,,,,,,,,,,,
64700,,,,Trail of 100 Giants Parking,,,,,,Western Divide Ranger District,,35.977072,,,,-118.596258,,,,
,,,,,,,,,,,,,,,,,,,,
,,,,,,,,,,,,,,,,,,,,
65066,,,,Kern River Valley Shooting Range,,,,,,Kern River Ranger District,,35.703492,,,,-118.418428,,,,
,,,,,,,,,,,,,,,,,,,,
,,,,,,,,,,,,,,,,,,,,
540806,,,,Corral Creek Picnic Area,,,,,,Kern River Ranger District,,35.855861,,,,-118.450138,,,,
,,,,,,,,,,,,,,,,,,,,
,,,,,,,,,,,,,,,,,,,,
540827,,,,Roads End Picnic Area,,,,,,Kern River Ranger District,,35.935054,,,,-118.485258,,,,
,,,,,,,,,,,,,,,,,,,,
,,,,,,,,,,,,,,,,,,,,
,,,,,,,,,,,,,,,,,,,,
Inactive,,,Day-use Developed Site,,,,,Sequoia NF,,,,,,,,,,Round:,5,
,,,,,,,,,,,,,,,,,,,,
,,,,SITENAME,,,,,,RD_CODE,,,LATITUDE,,,,LONGITUDE,,,
,,,,,,,,,,,,,,,,,,,,
26036,,,,Grizzly Falls Picnic,,,,,,Hume Lake Ranger District,,36.802976,,,,-118.743765,,,,
,,,,,,,,,,,,,,,,,,,,
,,,,,,,,,,,,,,,,,,,,
65076,,,,Miracle Hot Springs Picnic,,,,,,Kern River Ranger District,,35.575366,,,,-118.530458,,,,
,,,,,,,,,,,,,,,,,,,,
,,,,,,,,,,,,,,,,,,,,
,,,,,,,,,,,,,,,,,,,,
,,,,,,,,,,,,,,,,,,,,
Active,,,General Forest Area,,,,,Sequoia NF,,,,,,,,,,Round:,5,
,,,,,,,,,,,,,,,,,,,,
,,,,SITENAME,,,,,,RD_CODE,,,LATITUDE,,,,LONGITUDE,,,
,,,,,,,,,,,,,,,,,,,,
89,,,,2) Co. Rd. M2 @ Kings River,,,,,,Hume Lake Ranger District,,36.870599,,,,-119.130768,,,,
,,,,,,,,,,,,,,,,,,,,
,,,,,,,,,,,,,,,,,,,,
91,,,,3j) Hwy 180 at McGee Overlook,,,,,,Hume Lake Ranger District,,36.773085,,,,-118.960924,,,,
,,,,,,,,,,,,,,,,,,,,
,,,,,,,,,,,,,,,,,,,,
92,,,,3m) ATV road @ Happy Gap Sandhouse,,,,,,Hume Lake Ranger District,,36.724060,,,,-118.992783,,,,
,,,,,,,,,,,,,,,,,,,,
,,,,,,,,,,,,,,,,,,,,
93,,,,3o) McKenzie Heliport,,,,,,Hume Lake Ranger District,,36.747972,,,,-119.054833,,,,
,,,,,,,,,,,,,,,,,,,,
,,,,,,,,,,,,,,,,,,,,
95,,,,4l) Quail Flat,,,,,,Hume Lake Ranger District,,36.721916,,,,-118.909293,,,,
,,,,,,,,,,,,,,,,,,,,
Active,,,General Forest Area,,,,,Sequoia NF,,,,,,,,,,Round:,5,
,,,,,,,,,,,,,,,,,,,,
,,,,SITENAME,,,,,,RD_CODE,,,LATITUDE,,,,LONGITUDE,,,
,,,,,,,,,,,,,,,,,,,,
99,,,,Co Rd. J41 - Forest Boundary,,,,,,Kern River Ranger District,,36.023444,,,,-118.131581,,,,
,,,,,,,,,,,,,,,,,,,,
,,,,,,,,,,,,,,,,,,,,
100,,,,Cannell Meadow NRT TH,,,,,,Kern River Ranger District,,35.774083,,,,-118.430714,,,,
,,,,,,,,,,,,,,,,,,,,
,,,,,,,,,,,,,,,,,,,,
101,,,,Whiskey Flat Trailhead,,,,,,Kern River Ranger District,,35.777729,,,,-118.445328,,,,
,,,,,,,,,,,,,,,,,,,,
,,,,,,,,,,,,,,,,,,,,
103,,,,Forest Hwy 90,,,,,,Kern River Ranger District,,35.740452,,,,-118.556128,,,,
,,,,,,,,,,,,,,,,,,,,
,,,,,,,,,,,,,,,,,,,,
104,,,,25S15 @ Hwy 155,,,,,,Kern River Ranger District,,35.737700,,,,-118.557158,,,,
,,,,,,,,,,,,,,,,,,,,
,,,,,,,,,,,,,,,,,,,,
105,,,,Old State Rd. 114,,,,,,Kern River Ranger District,,35.709793,,,,-118.516431,,,,
,,,,,,,,,,,,,,,,,,,,
,,,,,,,,,,,,,,,,,,,,
107,,,,Sandy Creek Road,,,,,,Kern River Ranger District,,35.737839,,,,-118.613119,,,,
,,,,,,,,,,,,,,,,,,,,
,,,,,,,,,,,,,,,,,,,,
108,,,,Alder Creek Road,,,,,,Kern River Ranger District,,35.736585,,,,-118.613098,,,,
,,,,,,,,,,,,,,,,,,,,
,,,,,,,,,,,,,,,,,,,,
110,,,,Sawmill Road,,,,,,Kern River Ranger District,,35.667955,,,,-118.531243,,,,
,,,,,,,,,,,,,,,,,,,,
,,,,,,,,,,,,,,,,,,,,
111,,,,Black Gulch,,,,,,Kern River Ranger District,,35.616558,,,,-118.524628,,,,
,,,,,,,,,,,,,,,,,,,,
,,,,,,,,,,,,,,,,,,,,
112,,,,Old Kern Canyon Road,,,,,,Kern River Ranger District,,35.589551,,,,-118.502569,,,,
,,,,,,,,,,,,,,,,,,,,
,,,,,,,,,,,,,,,,,,,,
113,,,,Hanning Flat,,,,,,Kern River Ranger District,,35.679798,,,,-118.370139,,,,
,,,,,,,,,,,,,,,,,,,,
,,,,,,,,,,,,,,,,,,,,
114,,,,Stine Cove,,,,,,Kern River Ranger District,,35.679488,,,,-118.408882,,,,
,,,,,,,,,,,,,,,,,,,,
,,,,,,,,,,,,,,,,,,,,
115,,,,Camp 9 Boat Ramp,,,,,,Kern River Ranger District,,35.693734,,,,-118.433588,,,,
,,,,,,,,,,,,,,,,,,,,
,,,,,,,,,,,,,,,,,,,,
116,,,,Tillie Creek Boat Ramp,,,,,,Kern River Ranger District,,35.693951,,,,-118.456772,,,,
,,,,,,,,,,,,,,,,,,,,
,,,,,,,,,,,,,,,,,,,,
117,,,,French Gulch Marina,,,,,,Kern River Ranger District,,35.651007,,,,-118.483746,,,,
,,,,,,,,,,,,,,,,,,,,
,,,,,,,,,,,,,,,,,,,,
119,,,,Auxiliary Dam Rec. Area,,,,,,Kern River Ranger District,,35.651895,,,,-118.457484,,,,
,,,,,,,,,,,,,,,,,,,,
,,,,,,,,,,,,,,,,,,,,
120,,,,Old Isabella Rec Site Dispersed Use,,,,,,Kern River Ranger District,,35.652192,,,,-118.458091,,,,
,,,,,,,,,,,,,,,,,,,,
,,,,,,,,,,,,,,,,,,,,
121,,,,South Fork Rec Site Dispersed Use,,,,,,Kern River Ranger District,,35.657870,,,,-118.435088,,,,
,,,,,,,,,,,,,,,,,,,,
,,,,,,,,,,,,,,,,,,,,
122,,,,Kissack Bay,,,,,,Kern River Ranger District,,35.644812,,,,-118.413162,,,,
,,,,,,,,,,,,,,,,,,,,
,,,,,,,,,,,,,,,,,,,,
123,,,,South Fork Wildlife Area,,,,,,Kern River Ranger District,,35.652189,,,,-118.360124,,,,
,,,,,,,,,,,,,,,,,,,,
,,,,,,,,,,,,,,,,,,,,
124,,,,Old Schoolhouse Rd,,,,,,Kern River Ranger District,,35.721996,,,,-118.418242,,,,
,,,,,,,,,,,,,,,,,,,,
,,,,,,,,,,,,,,,,,,,,
125,,,,Old Kernville Cemetery Fishing,,,,,,Kern River Ranger District,,35.724499,,,,-118.429878,,,,
,,,,,,,,,,,,,,,,,,,,
Active,,,General Forest Area,,,,,Sequoia NF,,,,,,,,,,Round:,5,
,,,,,,,,,,,,,,,,,,,,
,,,,SITENAME,,,,,,RD_CODE,,,LATITUDE,,,,LONGITUDE,,,
,,,,,,,,,,,,,,,,,,,,
127,,,,French Gulch Day Use,,,,,,Kern River Ranger District,,35.660838,,,,-118.475581,,,,
,,,,,,,,,,,,,,,,,,,,
,,,,,,,,,,,,,,,,,,,,
128,,,,Lower Boulder,,,,,,Kern River Ranger District,,35.671301,,,,-118.468891,,,,
,,,,,,,,,,,,,,,,,,,,
,,,,,,,,,,,,,,,,,,,,
129,,,,Woolstaff Trail,,,,,,Kern River Ranger District,,35.548470,,,,-118.204778,,,,
,,,,,,,,,,,,,,,,,,,,
,,,,,,,,,,,,,,,,,,,,
130,,,,Piute Mtn. Road,,,,,,Kern River Ranger District,,35.465040,,,,-118.261134,,,,
,,,,,,,,,,,,,,,,,,,,
,,,,,,,,,,,,,,,,,,,,
131,,,,PCT 2 Piute Mtn. Rd,,,,,,Kern River Ranger District,,35.456641,,,,-118.279861,,,,
,,,,,,,,,,,,,,,,,,,,
,,,,,,,,,,,,,,,,,,,,
132,,,,Jawbone Canyon Rd,,,,,,Kern River Ranger District,,35.380514,,,,-118.287824,,,,
,,,,,,,,,,,,,,,,,,,,
,,,,,,,,,,,,,,,,,,,,
133,,,,29S02 Grouse Meadow,,,,,,Kern River Ranger District,,35.377286,,,,-118.341746,,,,
,,,,,,,,,,,,,,,,,,,,
,,,,,,,,,,,,,,,,,,,,
134,,,,28S01 Piute Mtn Road @ Walker Basin,,,,,,Kern River Ranger District,,35.426197,,,,-118.412447,,,,
,,,,,,,,,,,,,,,,,,,,
,,,,,,,,,,,,,,,,,,,,
135,,,,27S02 - Saddle Springs Road,,,,,,Kern River Ranger District,,35.558205,,,,-118.481326,,,,
,,,,,,,,,,,,,,,,,,,,
,,,,,,,,,,,,,,,,,,,,
136,,,,Willow Gulch Trail,,,,,,Kern River Ranger District,,35.569056,,,,-118.403840,,,,
,,,,,,,,,,,,,,,,,,,,
,,,,,,,,,,,,,,,,,,,,
138,,,,Co. Rd. 218 Breckenridge Rd West,,,,,,Kern River Ranger District,,35.440603,,,,-118.724055,,,,
,,,,,,,,,,,,,,,,,,,,
,,,,,,,,,,,,,,,,,,,,
139,,,,Co. Rd. 218 Breckenridge Rd East,,,,,,Kern River Ranger District,,35.491934,,,,-118.551593,,,,
,,,,,,,,,,,,,,,,,,,,
,,,,,,,,,,,,,,,,,,,,
140,,,,Hwy 178/Lower Kern,,,,,,Kern River Ranger District,,35.455565,,,,-118.779301,,,,
,,,,,,,,,,,,,,,,,,,,
,,,,,,,,,,,,,,,,,,,,
141,,,,Cow Flat Road,,,,,,Kern River Ranger District,,35.525078,,,,-118.660336,,,,
,,,,,,,,,,,,,,,,,,,,
,,,,,,,,,,,,,,,,,,,,
142,,,,Democrat - Lower Kern Take-out,,,,,,Kern River Ranger District,,35.530437,,,,-118.664024,,,,
,,,,,,,,,,,,,,,,,,,,
,,,,,,,,,,,,,,,,,,,,
143,,,,China Garden,,,,,,Kern River Ranger District,,35.531589,,,,-118.647473,,,,
,,,,,,,,,,,,,,,,,,,,
,,,,,,,,,,,,,,,,,,,,
144,,,,Co. Rd. 214 Old Kern Cyn Rd @ Democrat,,,,,,Kern River Ranger District,,35.532198,,,,-118.630267,,,,
,,,,,,,,,,,,,,,,,,,,
,,,,,,,,,,,,,,,,,,,,
145,,,,Black Gulch South,,,,,,Kern River Ranger District,,35.591697,,,,-118.522031,,,,
,,,,,,,,,,,,,,,,,,,,
,,,,,,,,,,,,,,,,,,,,
147,,,,Rancheria Rd. @ W. Forest Boundary,,,,,,Kern River Ranger District,,35.537378,,,,-118.709844,,,,
,,,,,,,,,,,,,,,,,,,,
,,,,,,,,,,,,,,,,,,,,
148,,,,Delonegha River Access,,,,,,Kern River Ranger District,,35.548192,,,,-118.616017,,,,
,,,,,,,,,,,,,,,,,,,,
,,,,,,,,,,,,,,,,,,,,
154,,,,74f)  Borrow Pit @ Coy Flat,,,,,,Western Divide Ranger District,,36.126958,,,,-118.616268,,,,
,,,,,,,,,,,,,,,,,,,,
,,,,,,,,,,,,,,,,,,,,
155,,,,74b) Lower Coffee Camp Parking,,,,,,Western Divide Ranger District,,36.151309,,,,-118.747019,,,,
,,,,,,,,,,,,,,,,,,,,
,,,,,,,,,,,,,,,,,,,,
11164,,,,Upper Coffee Camp Parking,,,,,,Western Divide Ranger District,,36.152244,,,,-118.745071,,,,
,,,,,,,,,,,,,,,,,,,,
Active,,,General Forest Area,,,,,Sequoia NF,,,,,,,,,,Round:,5,
,,,,,,,,,,,,,,,,,,,,
,,,,SITENAME,,,,,,RD_CODE,,,LATITUDE,,,,LONGITUDE,,,
,,,,,,,,,,,,,,,,,,,,
11170,,,,Lower Coffee Camp Parking,,,,,,Western Divide Ranger District,,36.151309,,,,-118.747019,,,,
,,,,,,,,,,,,,,,,,,,,
,,,,,,,,,,,,,,,,,,,,
24505,,,,Sandy Cove,,,,,,Hume Lake Ranger District,,36.789047,,,,-118.901026,,,,
,,,,,,,,,,,,,,,,,,,,
,,,,,,,,,,,,,,,,,,,,
540801,,,,Roads End Take-Out (Kern River),,,,,,Kern River Ranger District,,35.935445,,,,-118.485398,,,,
,,,,,,,,,,,,,,,,,,,,
,,,,,,,,,,,,,,,,,,,,
540803,,,,4i) Big Meadows Rd @ General's Hwy,,,,,,Hume Lake Ranger District,,36.702085,,,,-118.874452,,,,
,,,,,,,,,,,,,,,,,,,,
,,,,,,,,,,,,,,,,,,,,
540804,,,,Stony Creek Trail Day Use,,,,,,Hume Lake Ranger District,,36.663451,,,,-118.840318,,,,
,,,,,,,,,,,,,,,,,,,,
,,,,,,,,,,,,,,,,,,,,
540809,,,,Johnsondale Bridge,,,,,,Kern River Ranger District,,35.968651,,,,-118.486946,,,,
,,,,,,,,,,,,,,,,,,,,
,,,,,,,,,,,,,,,,,,,,
540810,,,,Riverkern Beach,,,,,,Kern River Ranger District,,35.784110,,,,-118.444840,,,,
,,,,,,,,,,,,,,,,,,,,
,,,,,,,,,,,,,,,,,,,,
540811,,,,Thunderbird River Access,,,,,,Kern River Ranger District,,35.816060,,,,-118.457480,,,,
,,,,,,,,,,,,,,,,,,,,
,,,,,,,,,,,,,,,,,,,,
540814,,,,Springhill South,,,,,,Kern River Ranger District,,35.862320,,,,-118.447570,,,,
,,,,,,,,,,,,,,,,,,,,
,,,,,,,,,,,,,,,,,,,,
540815,,,,Springhill North,,,,,,Kern River Ranger District,,35.864024,,,,-118.447022,,,,
,,,,,,,,,,,,,,,,,,,,
,,,,,,,,,,,,,,,,,,,,
540825,,,,Sherman Pass Road @ Cherry Hill Rd,,,,,,Kern River Ranger District,,35.982910,,,,-118.424280,,,,
,,,,,,,,,,,,,,,,,,,,
,,,,,,,,,,,,,,,,,,,,
540826,,,,Old Isbella Boat Ramp,,,,,,Kern River Ranger District,,35.652074,,,,-118.458198,,,,
,,,,,,,,,,,,,,,,,,,,
,,,,,,,,,,,,,,,,,,,,
540828,,,,Camp 9 Day Use,,,,,,Kern River Ranger District,,35.693974,,,,-118.431480,,,,
,,,,,,,,,,,,,,,,,,,,
,,,,,,,,,,,,,,,,,,,,
540830,,,,Old Isabella Boat Ramp,,,,,,Kern River Ranger District,,35.650588,,,,-118.458949,,,,
,,,,,,,,,,,,,,,,,,,,
,,,,,,,,,,,,,,,,,,,,
540833,,,,South Fork Rec Boat Ramp,,,,,,Kern River Ranger District,,35.658647,,,,-118.437145,,,,
,,,,,,,,,,,,,,,,,,,,
,,,,,,,,,,,,,,,,,,,,
,,,,,,,,,,,,,,,,,,,,
Inactive,,,General Forest Area,,,,,Sequoia NF,,,,,,,,,,Round:,5,
,,,,,,,,,,,,,,,,,,,,
,,,,SITENAME,,,,,,RD_CODE,,,LATITUDE,,,,LONGITUDE,,,
,,,,,,,,,,,,,,,,,,,,
96,,,,5) Co. Rd. 469 @ Forest Boundary,,,,,,Hume Lake Ranger District,,36.628256,,,,-118.952670,,,,
,,,,,,,,,,,,,,,,,,,,
,,,,,,,,,,,,,,,,,,,,
97,,,,6) Co. Rd. 465 @ Forest Boundary,,,,,,Hume Lake Ranger District,,36.657465,,,,-118.983345,,,,
,,,,,,,,,,,,,,,,,,,,
,,,,,,,,,,,,,,,,,,,,
102,,,,Hwy 99 @ Edison,,,,,,Kern River Ranger District,,35.774911,,,,-118.433454,,,,
,,,,,,,,,,,,,,,,,,,,
,,,,,,,,,,,,,,,,,,,,
106,,,,Lower Cedar Creek,,,,,,Kern River Ranger District,,35.747115,,,,-118.583421,,,,
,,,,,,,,,,,,,,,,,,,,
,,,,,,,,,,,,,,,,,,,,
109,,,,Old State Rd @ Forest Bdry,,,,,,Kern River Ranger District,,35.714392,,,,-118.520250,,,,
,,,,,,,,,,,,,,,,,,,,
,,,,,,,,,,,,,,,,,,,,
118,,,,Launch 19,,,,,,Kern River Ranger District,,35.644969,,,,-118.474696,,,,
,,,,,,,,,,,,,,,,,,,,
Inactive,,,General Forest Area,,,,,Sequoia NF,,,,,,,,,,Round:,5,
,,,,,,,,,,,,,,,,,,,,
,,,,SITENAME,,,,,,RD_CODE,,,LATITUDE,,,,LONGITUDE,,,
,,,,,,,,,,,,,,,,,,,,
126,,,,Engineer Point,,,,,,Kern River Ranger District,,35.648660,,,,-118.471100,,,,
,,,,,,,,,,,,,,,,,,,,
,,,,,,,,,,,,,,,,,,,,
137,,,,51) Trail 33E45 Clear Creek,,,,,,Kern River Ranger District,,35.524770,,,,-118.510713,,,,
,,,,,,,,,,,,,,,,,,,,
,,,,,,,,,,,,,,,,,,,,
146,,,,Borel Road,,,,,,Kern River Ranger District,,35.597508,,,,-118.514800,,,,
,,,,,,,,,,,,,,,,,,,,
,,,,,,,,,,,,,,,,,,,,
149,,,,64) M3 @ Balance Rock,,,,,,Western Divide Ranger District,,35.805435,,,,-118.649985,,,,
,,,,,,,,,,,,,,,,,,,,
,,,,,,,,,,,,,,,,,,,,
150,,,,65) M9 @ Forest Boundary,,,,,,Western Divide Ranger District,,35.814519,,,,-118.650173,,,,
,,,,,,,,,,,,,,,,,,,,
,,,,,,,,,,,,,,,,,,,,
151,,,,66) M22 Jack Ranch,,,,,,Western Divide Ranger District,,35.832118,,,,-118.663151,,,,
,,,,,,,,,,,,,,,,,,,,
,,,,,,,,,,,,,,,,,,,,
152,,,,68b) Hot Springs RS,,,,,,Western Divide Ranger District,,35.886496,,,,-118.647230,,,,
,,,,,,,,,,,,,,,,,,,,
,,,,,,,,,,,,,,,,,,,,
153,,,,68c) FR M50/211 Tyler Creek,,,,,,Western Divide Ranger District,,35.902458,,,,-118.650793,,,,
,,,,,,,,,,,,,,,,,,,,
,,,,,,,,,,,,,,,,,,,,
156,,,,75) Bear Creek Road,,,,,,Western Divide Ranger District,,36.217687,,,,-118.761177,,,,
,,,,,,,,,,,,,,,,,,,,
,,,,,,,,,,,,,,,,,,,,
157,,,,76) J37 Balch Park Road,,,,,,Western Divide Ranger District,,36.261874,,,,-118.767350,,,,
,,,,,,,,,,,,,,,,,,,,
,,,,,,,,,,,,,,,,,,,,
158,,,,86) FR M50 @ Johnsondale,,,,,,Western Divide Ranger District,,35.975159,,,,-118.536631,,,,
,,,,,,,,,,,,,,,,,,,,
,,,,,,,,,,,,,,,,,,,,
159,,,,87) FR 22S82 @ Johnsondale,,,,,,Western Divide Ranger District,,35.983771,,,,-118.542824,,,,
,,,,,,,,,,,,,,,,,,,,
,,,,,,,,,,,,,,,,,,,,
540812,,,,Chico Flat,,,,,,Kern River Ranger District,,35.824420,,,,-118.461970,,,,
,,,,,,,,,,,,,,,,,,,,
,,,,,,,,,,,,,,,,,,,,
540813,,,,Corral Creek,,,,,,Kern River Ranger District,,35.857780,,,,-118.450000,,,,
,,,,,,,,,,,,,,,,,,,,
,,,,,,,,,,,,,,,,,,,,
540816,,,,Old Goldledge,,,,,,Kern River Ranger District,,35.879530,,,,-118.455830,,,,
,,,,,,,,,,,,,,,,,,,,
,,,,,,,,,,,,,,,,,,,,
540817,,,,Ant Canyon,,,,,,Kern River Ranger District,,35.886010,,,,-118.458490,,,,
,,,,,,,,,,,,,,,,,,,,
,,,,,,,,,,,,,,,,,,,,
540818,,,,Chamise Flat,,,,,,Kern River Ranger District,,35.910250,,,,-118.485910,,,,
,,,,,,,,,,,,,,,,,,,,
,,,,,,,,,,,,,,,,,,,,
540819,,,,Calkins Flat,,,,,,Kern River Ranger District,,35.918290,,,,-118.490310,,,,
,,,,,,,,,,,,,,,,,,,,
,,,,,,,,,,,,,,,,,,,,
540820,,,,Brush Creek Flat,,,,,,Kern River Ranger District,,35.966180,,,,-118.478650,,,,
,,,,,,,,,,,,,,,,,,,,
,,,,,,,,,,,,,,,,,,,,
540821,,,,Upper Kern #1,,,,,,Kern River Ranger District,,35.806720,,,,-118.452520,,,,
,,,,,,,,,,,,,,,,,,,,
,,,,,,,,,,,,,,,,,,,,
540822,,,,Upper Kern #2,,,,,,Kern River Ranger District,,35.869330,,,,-118.449480,,,,
,,,,,,,,,,,,,,,,,,,,
,,,,,,,,,,,,,,,,,,,,
540823,,,,Upper Kern #3,,,,,,Kern River Ranger District,,35.881120,,,,-118.455890,,,,
,,,,,,,,,,,,,,,,,,,,
,,,,,,,,,,,,,,,,,,,,
540824,,,,Upper Kern #4,,,,,,Kern River Ranger District,,35.940520,,,,-118.484930,,,,
,,,,,,,,,,,,,,,,,,,,
,,,,,,,,,,,,,,,,,,,,
,,,,,,,,,,,,,,,,,,,,
,,,,,,,,,,,,,,,,,,,,
Active,,,Overnight-use Developed Site,,,,,Sequoia NF,,,,,,,,,,Round:,5,
,,,,,,,,,,,,,,,,,,,,
,,,,SITENAME,,,,,,RD_CODE,,,LATITUDE,,,,LONGITUDE,,,
,,,,,,,,,,,,,,,,,,,,
75,,,,Camp 4 1/2 Cabin,,,,,,Hume Lake Ranger District,,36.862176,,,,-119.122884,,,,
,,,,,,,,,,,,,,,,,,,,
,,,,,,,,,,,,,,,,,,,,
82,,,,Oak Flat Lookout,,,,,,Kern River Ranger District,,35.535371,,,,-118.706160,,,,
,,,,,,,,,,,,,,,,,,,,
,,,,,,,,,,,,,,,,,,,,
84,,,,Montecito-Sequoia Resort,,,,,,Hume Lake Ranger District,,36.694997,,,,-118.872736,,,,
,,,,,,,,,,,,,,,,,,,,
,,,,,,,,,,,,,,,,,,,,
88,,,,Stony Creek Resort,,,,,,Hume Lake Ranger District,,36.664000,,,,-118.840742,,,,
,,,,,,,,,,,,,,,,,,,,
,,,,,,,,,,,,,,,,,,,,
1123,,,,Poso Guard Station,,,,,,Western Divide Ranger District,,35.806776,,,,-118.642216,,,,
,,,,,,,,,,,,,,,,,,,,
,,,,,,,,,,,,,,,,,,,,
2750,,,,Big Meadows Cabin,,,,,,Hume Lake Ranger District,,36.718914,,,,-118.835032,,,,
,,,,,,,,,,,,,,,,,,,,
,,,,,,,,,,,,,,,,,,,,
11117,,,,Big Meadow CG,,,,,,Hume Lake Ranger District,,36.720954,,,,-118.820983,,,,
,,,,,,,,,,,,,,,,,,,,
,,,,,,,,,,,,,,,,,,,,
11118,,,,Buck Rock CG,,,,,,Hume Lake Ranger District,,36.722218,,,,-118.850848,,,,
,,,,,,,,,,,,,,,,,,,,
,,,,,,,,,,,,,,,,,,,,
11119,,,,Lower Stony Creek CG,,,,,,Hume Lake Ranger District,,36.665051,,,,-118.833205,,,,
,,,,,,,,,,,,,,,,,,,,
,,,,,,,,,,,,,,,,,,,,
11120,,,,Landslide CG,,,,,,Hume Lake Ranger District,,36.764371,,,,-118.882278,,,,
,,,,,,,,,,,,,,,,,,,,
,,,,,,,,,,,,,,,,,,,,
11121,,,,Hume Lake CG,,,,,,Hume Lake Ranger District,,36.795522,,,,-118.907154,,,,
,,,,,,,,,,,,,,,,,,,,
,,,,,,,,,,,,,,,,,,,,
11122,,,,Eshom CG,,,,,,Hume Lake Ranger District,,36.690375,,,,-118.948879,,,,
,,,,,,,,,,,,,,,,,,,,
,,,,,,,,,,,,,,,,,,,,
11123,,,,Mill Flat CG,,,,,,Hume Lake Ranger District,,36.856749,,,,-119.096414,,,,
,,,,,,,,,,,,,,,,,,,,
,,,,,,,,,,,,,,,,,,,,
11124,,,,Camp 4,,,,,,Hume Lake Ranger District,,36.857040,,,,-119.107456,,,,
,,,,,,,,,,,,,,,,,,,,
,,,,,,,,,,,,,,,,,,,,
11127,,,,Tenmile CG,,,,,,Hume Lake Ranger District,,36.753931,,,,-118.893328,,,,
,,,,,,,,,,,,,,,,,,,,
,,,,,,,,,,,,,,,,,,,,
11128,,,,Logger Flat Group CG,,,,,,Hume Lake Ranger District,,36.773194,,,,-118.894761,,,,
,,,,,,,,,,,,,,,,,,,,
,,,,,,,,,,,,,,,,,,,,
11129,,,,Aspen Hollow Group CG,,,,,,Hume Lake Ranger District,,36.780644,,,,-118.904253,,,,
,,,,,,,,,,,,,,,,,,,,
,,,,,,,,,,,,,,,,,,,,
11130,,,,Upper Stony Creek CG,,,,,,Hume Lake Ranger District,,36.666258,,,,-118.832685,,,,
,,,,,,,,,,,,,,,,,,,,
,,,,,,,,,,,,,,,,,,,,
11161,,,,Quaking Aspen Family CG,,,,,,Western Divide Ranger District,,36.121047,,,,-118.544392,,,,
,,,,,,,,,,,,,,,,,,,,
,,,,,,,,,,,,,,,,,,,,
11162,,,,Belknap CG,,,,,,Western Divide Ranger District,,36.141554,,,,-118.598876,,,,
,,,,,,,,,,,,,,,,,,,,
,,,,,,,,,,,,,,,,,,,,
11163,,,,Wishon CG,,,,,,Western Divide Ranger District,,36.189309,,,,-118.664056,,,,
,,,,,,,,,,,,,,,,,,,,
,,,,,,,,,,,,,,,,,,,,
11193,,,,Long Meadow Group CG,,,,,,Western Divide Ranger District,,35.980562,,,,-118.583301,,,,
,,,,,,,,,,,,,,,,,,,,
Active,,,Overnight-use Developed Site,,,,,Sequoia NF,,,,,,,,,,Round:,5,
,,,,,,,,,,,,,,,,,,,,
,,,,SITENAME,,,,,,RD_CODE,,,LATITUDE,,,,LONGITUDE,,,
,,,,,,,,,,,,,,,,,,,,
11194,,,,Redwood Meadow CG,,,,,,Western Divide Ranger District,,35.976879,,,,-118.593591,,,,
,,,,,,,,,,,,,,,,,,,,
,,,,,,,,,,,,,,,,,,,,
11195,,,,Holey Meadow Group CG,,,,,,Western Divide Ranger District,,35.953618,,,,-118.618589,,,,
,,,,,,,,,,,,,,,,,,,,
,,,,,,,,,,,,,,,,,,,,
11196,,,,Leavis Flat CG,,,,,,Western Divide Ranger District,,35.880136,,,,-118.677461,,,,
,,,,,,,,,,,,,,,,,,,,
,,,,,,,,,,,,,,,,,,,,
11199,,,,White River CG,,,,,,Western Divide Ranger District,,35.844648,,,,-118.635878,,,,
,,,,,,,,,,,,,,,,,,,,
,,,,,,,,,,,,,,,,,,,,
11219,,,,Evans Flat CG,,,,,,Kern River Ranger District,,35.643908,,,,-118.589294,,,,
,,,,,,,,,,,,,,,,,,,,
,,,,,,,,,,,,,,,,,,,,
11225,,,,Hobo CG,,,,,,Kern River Ranger District,,35.574459,,,,-118.528778,,,,
,,,,,,,,,,,,,,,,,,,,
,,,,,,,,,,,,,,,,,,,,
11227,,,,Breckenridge CG,,,,,,Kern River Ranger District,,35.467342,,,,-118.580824,,,,
,,,,,,,,,,,,,,,,,,,,
,,,,,,,,,,,,,,,,,,,,
11261,,,,Horse Meadow CG,,,,,,Kern River Ranger District,,35.903169,,,,-118.372712,,,,
,,,,,,,,,,,,,,,,,,,,
,,,,,,,,,,,,,,,,,,,,
11262,,,,Troy Meadow CG,,,,,,Kern River Ranger District,,36.064142,,,,-118.239631,,,,
,,,,,,,,,,,,,,,,,,,,
,,,,,,,,,,,,,,,,,,,,
11263,,,,Fish Creek CG,,,,,,Kern River Ranger District,,36.060415,,,,-118.220275,,,,
,,,,,,,,,,,,,,,,,,,,
,,,,,,,,,,,,,,,,,,,,
11265,,,,Headquarters CG,,,,,,Kern River Ranger District,,35.797108,,,,-118.449838,,,,
,,,,,,,,,,,,,,,,,,,,
,,,,,,,,,,,,,,,,,,,,
11266,,,,Camp 3,,,,,,Kern River Ranger District,,35.810294,,,,-118.454311,,,,
,,,,,,,,,,,,,,,,,,,,
,,,,,,,,,,,,,,,,,,,,
11268,,,,Hospital Flat CG,,,,,,Kern River Ranger District,,35.828762,,,,-118.458043,,,,
,,,,,,,,,,,,,,,,,,,,
,,,,,,,,,,,,,,,,,,,,
11270,,,,Goldledge CG,,,,,,Kern River Ranger District,,35.873891,,,,-118.456737,,,,
,,,,,,,,,,,,,,,,,,,,
,,,,,,,,,,,,,,,,,,,,
11271,,,,Fairview CG,,,,,,Kern River Ranger District,,35.928843,,,,-118.490454,,,,
,,,,,,,,,,,,,,,,,,,,
,,,,,,,,,,,,,,,,,,,,
11272,,,,Limestone CG,,,,,,Kern River Ranger District,,35.963456,,,,-118.478306,,,,
,,,,,,,,,,,,,,,,,,,,
,,,,,,,,,,,,,,,,,,,,
22322,,,,Coy Flat CG,,,,,,Western Divide Ranger District,,36.126918,,,,-118.618446,,,,
,,,,,,,,,,,,,,,,,,,,
,,,,,,,,,,,,,,,,,,,,
25432,,,,Lower Peppermint CG,,,,,,Western Divide Ranger District,,36.066467,,,,-118.490259,,,,
,,,,,,,,,,,,,,,,,,,,
,,,,,,,,,,,,,,,,,,,,
27117,,,,Princess CG,,,,,,Hume Lake Ranger District,,36.802584,,,,-118.940402,,,,
,,,,,,,,,,,,,,,,,,,,
,,,,,,,,,,,,,,,,,,,,
30482,,,,Fir Group CG,,,,,,Hume Lake Ranger District,,36.664873,,,,-118.843026,,,,
,,,,,,,,,,,,,,,,,,,,
,,,,,,,,,,,,,,,,,,,,
30483,,,,Cove Group CG,,,,,,Hume Lake Ranger District,,36.666208,,,,-118.839045,,,,
,,,,,,,,,,,,,,,,,,,,
,,,,,,,,,,,,,,,,,,,,
50610,,,,Green Cabin Flat CG,,,,,,Hume Lake Ranger District,,36.859869,,,,-119.102661,,,,
,,,,,,,,,,,,,,,,,,,,
,,,,,,,,,,,,,,,,,,,,
64001,,,,Horse Camp CG,,,,,,Hume Lake Ranger District,,36.716609,,,,-118.849705,,,,
,,,,,,,,,,,,,,,,,,,,
Active,,,Overnight-use Developed Site,,,,,Sequoia NF,,,,,,,,,,Round:,5,
,,,,,,,,,,,,,,,,,,,,
,,,,SITENAME,,,,,,RD_CODE,,,LATITUDE,,,,LONGITUDE,,,
,,,,,,,,,,,,,,,,,,,,
65050,,,,Sandy Flat CG,,,,,,Kern River Ranger District,,35.582716,,,,-118.524583,,,,
,,,,,,,,,,,,,,,,,,,,
,,,,,,,,,,,,,,,,,,,,
65401,,,,Paradise Cove CG,,,,,,Kern River Ranger District,,35.650501,,,,-118.424729,,,,
,,,,,,,,,,,,,,,,,,,,
,,,,,,,,,,,,,,,,,,,,
65405,,,,Pioneer Point CG,,,,,,Kern River Ranger District,,35.650890,,,,-118.485924,,,,
,,,,,,,,,,,,,,,,,,,,
,,,,,,,,,,,,,,,,,,,,
65406,,,,Boulder Gulch CG,,,,,,Kern River Ranger District,,35.672621,,,,-118.468761,,,,
,,,,,,,,,,,,,,,,,,,,
,,,,,,,,,,,,,,,,,,,,
65407,,,,Hungry Gulch CG,,,,,,Kern River Ranger District,,35.672484,,,,-118.471541,,,,
,,,,,,,,,,,,,,,,,,,,
,,,,,,,,,,,,,,,,,,,,
65411,,,,Tillie Creek CG,,,,,,Kern River Ranger District,,35.700168,,,,-118.457184,,,,
,,,,,,,,,,,,,,,,,,,,
,,,,,,,,,,,,,,,,,,,,
65413,,,,Tillie Creek 1-4 Group CG,,,,,,Kern River Ranger District,,35.697139,,,,-118.458669,,,,
,,,,,,,,,,,,,,,,,,,,
,,,,,,,,,,,,,,,,,,,,
65416,,,,French Gulch Group CG,,,,,,Kern River Ranger District,,35.657170,,,,-118.479642,,,,
,,,,,,,,,,,,,,,,,,,,
,,,,,,,,,,,,,,,,,,,,
65417,,,,Camp 9 Camping use,,,,,,Kern River Ranger District,,35.693427,,,,-118.431170,,,,
,,,,,,,,,,,,,,,,,,,,
,,,,,,,,,,,,,,,,,,,,
111611,,,,Quaking Aspen Family Non Proxy CG,,,,,,Western Divide Ranger District,,36.121134,,,,-118.543684,,,,
,,,,,,,,,,,,,,,,,,,,
,,,,,,,,,,,,,,,,,,,,
112661,,,,Camp 3 Group CG,,,,,,Kern River Ranger District,,35.810294,,,,-118.454311,,,,
,,,,,,,,,,,,,,,,,,,,
,,,,,,,,,,,,,,,,,,,,
240849,,,,Quaking Aspen Cabin,,,,,,Western Divide Ranger District,,36.121370,,,,-118.544271,,,,
,,,,,,,,,,,,,,,,,,,,
,,,,,,,,,,,,,,,,,,,,
540802,,,,Wishon Cabin,,,,,,Western Divide Ranger District,,36.189776,,,,-118.666119,,,,
,,,,,,,,,,,,,,,,,,,,
,,,,,,,,,,,,,,,,,,,,
540807,,,,Halfway Group CG,,,,,,Kern River Ranger District,,35.803060,,,,-118.451940,,,,
,,,,,,,,,,,,,,,,,,,,
,,,,,,,,,,,,,,,,,,,,
540808,,,,Thunderbird Group CG,,,,,,Kern River Ranger District,,35.815280,,,,-118.457220,,,,
,,,,,,,,,,,,,,,,,,,,
,,,,,,,,,,,,,,,,,,,,
540829,,,,Camp 9 Group Campsites,,,,,,Kern River Ranger District,,35.693856,,,,-118.431137,,,,
,,,,,,,,,,,,,,,,,,,,
,,,,,,,,,,,,,,,,,,,,
540831,,,,Grouse Rental Cabin-Lakeside Cabin,,,,,,Western Divide Ranger District,,36.300758,,,,-118.811831,,,,
,,,,,,,,,,,,,,,,,,,,
,,,,,,,,,,,,,,,,,,,,
540832,,,,Grouse Rental Cabin-Hillside Cabin,,,,,,Western Divide Ranger District,,36.300300,,,,-118.810252,,,,
,,,,,,,,,,,,,,,,,,,,
,,,,,,,,,,,,,,,,,,,,
,,,,,,,,,,,,,,,,,,,,
Inactive,,,Overnight-use Developed Site,,,,,Sequoia NF,,,,,,,,,,Round:,5,
,,,,,,,,,,,,,,,,,,,,
,,,,SITENAME,,,,,,RD_CODE,,,LATITUDE,,,,LONGITUDE,,,
,,,,,,,,,,,,,,,,,,,,
85,,,,Hobo Overflow,,,,,,Kern River Ranger District,,35.572975,,,,-118.529479,,,,
,,,,,,,,,,,,,,,,,,,,
,,,,,,,,,,,,,,,,,,,,
87,,,,Durrwood Creekside B & B,,,,,,Western Divide Ranger District,,36.062405,,,,-118.487180,,,,
,,,,,,,,,,,,,,,,,,,,
,,,,,,,,,,,,,,,,,,,,
1118,,,,Mountain Home Guard Station,,,,,,Western Divide Ranger District,,36.232629,,,,-118.698709,,,,
,,,,,,,,,,,,,,,,,,,,
Inactive,,,Overnight-use Developed Site,,,,,Sequoia NF,,,,,,,,,,Round:,5,
,,,,,,,,,,,,,,,,,,,,
,,,,SITENAME,,,,,,RD_CODE,,,LATITUDE,,,,LONGITUDE,,,
,,,,,,,,,,,,,,,,,,,,
11125,,,,Camp 4 1/2 CG,,,,,,Hume Lake Ranger District,,36.859184,,,,-119.120329,,,,
,,,,,,,,,,,,,,,,,,,,
,,,,,,,,,,,,,,,,,,,,
11198,,,,Frog Meadow CG,,,,,,Western Divide Ranger District,,35.873837,,,,-118.578466,,,,
,,,,,,,,,,,,,,,,,,,,
,,,,,,,,,,,,,,,,,,,,
11222,,,,Alder Creek CG,,,,,,Kern River Ranger District,,35.719786,,,,-118.611758,,,,
,,,,,,,,,,,,,,,,,,,,
,,,,,,,,,,,,,,,,,,,,
11224,,,,Cedar Creek CG,,,,,,Kern River Ranger District,,35.749030,,,,-118.582387,,,,
,,,,,,,,,,,,,,,,,,,,
,,,,,,,,,,,,,,,,,,,,
33763,,,,Quaking Aspen Group CG,,,,,,Western Divide Ranger District,,36.121197,,,,-118.544317,,,,
,,,,,,,,,,,,,,,,,,,,
,,,,,,,,,,,,,,,,,,,,
64014,,,,Convict Flat CG,,,,,,Hume Lake Ranger District,,36.818901,,,,-118.832973,,,,
,,,,,,,,,,,,,,,,,,,,
,,,,,,,,,,,,,,,,,,,,
65404,,,,Main Dam CG,,,,,,Kern River Ranger District,,35.643346,,,,-118.483477,,,,
,,,,,,,,,,,,,,,,,,,,
,,,,,,,,,,,,,,,,,,,,
65408,,,,Live Oak North CG,,,,,,Kern River Ranger District,,35.702461,,,,-118.460338,,,,
,,,,,,,,,,,,,,,,,,,,
,,,,,,,,,,,,,,,,,,,,
65409,,,,Live Oak South CG,,,,,,Kern River Ranger District,,35.701952,,,,-118.461339,,,,
,,,,,,,,,,,,,,,,,,,,
,,,,,,,,,,,,,,,,,,,,
65410,,,,Live Oak Group CG,,,,,,Kern River Ranger District,,35.701552,,,,-118.459872,,,,
,,,,,,,,,,,,,,,,,,,,
,,,,,,,,,,,,,,,,,,,,
111621,,,,Belknap Non Proxy CG,,,,,,Western Divide Ranger District,,36.141593,,,,-118.598873,,,,
,,,,,,,,,,,,,,,,,,,,
,,,,,,,,,,,,,,,,,,,,
111631,,,,Wishon CG Non-Proxy,,,,,,Western Divide Ranger District,,36.189188,,,,-118.664394,,,,
,,,,,,,,,,,,,,,,,,,,
,,,,,,,,,,,,,,,,,,,,
111941,,,,Redwood Meadow Non Proxy CG,,,,,,Western Divide Ranger District,,35.976814,,,,-118.593548,,,,
,,,,,,,,,,,,,,,,,,,,
,,,,,,,,,,,,,,,,,,,,
223221,,,,Coy Flat Non Proxy CG,,,,,,Western Divide Ranger District,,36.127412,,,,-118.618872,,,,
,,,,,,,,,,,,,,,,,,,,
,,,,,,,,,,,,,,,,,,,,
240848,,,,Frog Meadow Guard Station,,,,,,Western Divide Ranger District,,35.878700,,,,-118.584339,,,,
,,,,,,,,,,,,,,,,,,,,
,,,,,,,,,,,,,,,,,,,,
,,,,,,,,,,,,,,,,,,,,
,,,,,,,,,,,,,,,,,,,,
Active,,,View Corridor,,,,,Sequoia NF,,,,,,,,,,Round:,5,
,,,,,,,,,,,,,,,,,,,,
,,,,SITENAME,,,,,,RD_CODE,,,LATITUDE,,,,LONGITUDE,,,
,,,,,,,,,,,,,,,,,,,,
90,,,,Hwy 180 @ Cedar Grove Kings Canyon NP,,,,,,Hume Lake Ranger District,,36.803006,,,,-118.743606,,,,
,,,,,,,,,,,,,,,,,,,,
,,,,,,,,,,,,,,,,,,,,
94,,,,Hwy 198 from Lost Grove NPS data,,,,,,Hume Lake Ranger District,,36.719435,,,,-118.897239,,,,
,,,,,,,,,,,,,,,,,,,,
,,,,,,,,,,,,,,,,,,,,
98,,,,Hwy 245 @ Hogback Road,,,,,,Hume Lake Ranger District,,36.692216,,,,-119.007618,,,,
,,,,,,,,,,,,,,,,,,,,
,,,,,,,,,,,,,,,,,,,,
194,,,,"Hwy 178, Kern River Canyon",,,,,,Kern River Ranger District,,35.589040,,,,-118.524978,,,,
,,,,,,,,,,,,,,,,,,,,
,,,,,,,,,,,,,,,,,,,,
195,,,,Hwy 155 Alta Sierra,,,,,,Kern River Ranger District,,35.648640,,,,-118.484842,,,,
,,,,,,,,,,,,,,,,,,,,
,,,,,,,,,,,,,,,,,,,,
540805,,,,Hwy 190 -Tule River Canyon,,,,,,Western Divide Ranger District,,36.134430,,,,-118.790820,,,,
,,,,,,,,,,,,,,,,,,,,
,,,,,,,,,,,,,,,,,,,,
,,,,,,,,,,,,,,,,,,,,
Inactive,,,View Corridor,,,,,Sequoia NF,,,,,,,,,,Round:,5,
,,,,,,,,,,,,,,,,,,,,
,,,,SITENAME,,,,,,RD_CODE,,,LATITUDE,,,,LONGITUDE,,,
,,,,,,,,,,,,,,,,,,,,
240850,,,,Hwy 180 Scenic Byway (to Kings Canyon boundary),,,,,,Hume Lake Ranger District,,36.831554,,,,-118.889836,,,,
,,,,,,,,,,,,,,,,,,,,
,,,,,,,,,,,,,,,,,,,,
,,,,,,,,,,,,,,,,,,,,
,,,,,,,,,,,,,,,,,,,,
Active,,,Wilderness,,,,,Sequoia NF,,,,,,,,,,Round:,5,
,,,,,,,,,,,,,,,,,,,,
,,,,SITENAME,,,,,,RD_CODE,,,LATITUDE,,,,LONGITUDE,,,
,,,,,,,,,,,,,,,,,,,,
161,,,,W-3) Deer Cove TH - Monarch Wilderness,,,,,,Hume Lake Ranger District,,36.804701,,,,-118.714904,,,,
,,,,,,,,,,,,,,,,,,,,
,,,,,,,,,,,,,,,,,,,,
164,,,,W-12) Stony Creek TH - Jennie Lakes Wild,,,,,,Hume Lake Ranger District,,36.673692,,,,-118.822514,,,,
,,,,,,,,,,,,,,,,,,,,
,,,,,,,,,,,,,,,,,,,,
167,,,,W-15) Marvin Pass TH - Jennie Lakes Wild,,,,,,Hume Lake Ranger District,,36.738960,,,,-118.739690,,,,
,,,,,,,,,,,,,,,,,,,,
,,,,,,,,,,,,,,,,,,,,
171,,,,Trail 33E21 - Golden Trout Wild,,,,,,Kern River Ranger District,,36.123837,,,,-118.343551,,,,
,,,,,,,,,,,,,,,,,,,,
,,,,,,,,,,,,,,,,,,,,
175,,,,W-34) Tule Clicks Cr - Golden Trout Wild,,,,,,Western Divide Ranger District,,36.186448,,,,-118.548374,,,,
,,,,,,,,,,,,,,,,,,,,
,,,,,,,,,,,,,,,,,,,,
176,,,,W-35) Summit TH - Golden Trout Wild,,,,,,Western Divide Ranger District,,36.210619,,,,-118.577983,,,,
,,,,,,,,,,,,,,,,,,,,
,,,,,,,,,,,,,,,,,,,,
177,,,,W-38) Shake Camp TH - Golden Trout Wild,,,,,,Western Divide Ranger District,,36.255608,,,,-118.670955,,,,
,,,,,,,,,,,,,,,,,,,,
,,,,,,,,,,,,,,,,,,,,
179,,,,S Fork Stockbridge - South Sierra Wild,,,,,,Kern River Ranger District,,36.184442,,,,-118.129463,,,,
,,,,,,,,,,,,,,,,,,,,
,,,,,,,,,,,,,,,,,,,,
180,,,,Kennedy Mdws TH - South Sierra Wild,,,,,,Kern River Ranger District,,36.053108,,,,-118.129379,,,,
,,,,,,,,,,,,,,,,,,,,
,,,,,,,,,,,,,,,,,,,,
181,,,,Trail 35E05 Jackass TH - South Sierra Wild,,,,,,Kern River Ranger District,,36.073639,,,,-118.215070,,,,
,,,,,,,,,,,,,,,,,,,,
,,,,,,,,,,,,,,,,,,,,
182,,,,PCT @ J41 (Horse Cyn) Kiavah Wilderness,,,,,,Kern River Ranger District,,35.582424,,,,-118.122471,,,,
,,,,,,,,,,,,,,,,,,,,
,,,,,,,,,,,,,,,,,,,,
183,,,,Long Valley TH - Domeland Wild,,,,,,Kern River Ranger District,,35.844274,,,,-118.155534,,,,
,,,,,,,,,,,,,,,,,,,,
,,,,,,,,,,,,,,,,,,,,
184,,,,Trail 34E08 Woodpecker - Domeland Wild,,,,,,Kern River Ranger District,,36.017041,,,,-118.281910,,,,
,,,,,,,,,,,,,,,,,,,,
,,,,,,,,,,,,,,,,,,,,
185,,,,Trail 34E15 @ Taylor Mdw - Domeland Wild,,,,,,Kern River Ranger District,,35.832663,,,,-118.295650,,,,
,,,,,,,,,,,,,,,,,,,,
,,,,,,,,,,,,,,,,,,,,
186,,,,South Manter - Domeland Wild,,,,,,Kern River Ranger District,,35.868398,,,,-118.325823,,,,
,,,,,,,,,,,,,,,,,,,,
,,,,,,,,,,,,,,,,,,,,
187,,,,North Manter - Domeland Wild,,,,,,Kern River Ranger District,,35.888636,,,,-118.333075,,,,
,,,,,,,,,,,,,,,,,,,,
,,,,,,,,,,,,,,,,,,,,
188,,,,Trail 34E12 Sirretta - Domeland Wild,,,,,,Kern River Ranger District,,35.902382,,,,-118.337474,,,,
,,,,,,,,,,,,,,,,,,,,
,,,,,,,,,,,,,,,,,,,,
189,,,,Dark Cyn Trl (34E11) - Domeland Wild,,,,,,Kern River Ranger District,,36.016980,,,,-118.299090,,,,
,,,,,,,,,,,,,,,,,,,,
,,,,,,,,,,,,,,,,,,,,
191,,,,PCT @ Walker Pass - Kiavah Wilderness,,,,,,Kern River Ranger District,,35.661381,,,,-118.041388,,,,
,,,,,,,,,,,,,,,,,,,,
Active,,,Wilderness,,,,,Sequoia NF,,,,,,,,,,Round:,5,
,,,,,,,,,,,,,,,,,,,,
,,,,SITENAME,,,,,,RD_CODE,,,LATITUDE,,,,LONGITUDE,,,
,,,,,,,,,,,,,,,,,,,,
192,,,,Chollo Canyon - Kiavah Wilderness,,,,,,Kern River Ranger District,,35.598284,,,,-118.182403,,,,
,,,,,,,,,,,,,,,,,,,,
,,,,,,,,,,,,,,,,,,,,
193,,,,Sage Canyon - Kiavah Wilderness,,,,,,Kern River Ranger District,,35.593016,,,,-118.075580,,,,
,,,,,,,,,,,,,,,,,,,,
,,,,,,,,,,,,,,,,,,,,
64004,,,,W-13) Big Meadows - Jennie Lakes Wild,,,,,,Hume Lake Ranger District,,36.708600,,,,-118.809669,,,,
,,,,,,,,,,,,,,,,,,,,
,,,,,,,,,,,,,,,,,,,,
64005,,,,W-14) Rowell TH - Jennie Lakes Wilderness,,,,,,Hume Lake Ranger District,,36.716856,,,,-118.760708,,,,
,,,,,,,,,,,,,,,,,,,,
,,,,,,,,,,,,,,,,,,,,
64351,,,,W-33) Lewis Camp TH - Golden Trout Wild,,,,,,Western Divide Ranger District,,36.182788,,,,-118.507074,,,,
,,,,,,,,,,,,,,,,,,,,
,,,,,,,,,,,,,,,,,,,,
64352,,,,W-32) Jerkey Meadow TH - Golden Trout Wild,,,,,,Western Divide Ranger District,,36.185333,,,,-118.491702,,,,
,,,,,,,,,,,,,,,,,,,,
,,,,,,,,,,,,,,,,,,,,
64353,,,,W-31) Forks of the Kern TH - Golden Trout Wild,,,,,,Western Divide Ranger District,,36.138527,,,,-118.451706,,,,
,,,,,,,,,,,,,,,,,,,,
,,,,,,,,,,,,,,,,,,,,
,,,,,,,,,,,,,,,,,,,,
Inactive,,,Wilderness,,,,,Sequoia NF,,,,,,,,,,Round:,5,
,,,,,,,,,,,,,,,,,,,,
,,,,SITENAME,,,,,,RD_CODE,,,LATITUDE,,,,LONGITUDE,,,
,,,,,,,,,,,,,,,,,,,,
160,,,,W-2) Grizzly Falls - Monarch Wilderness,,,,,,Hume Lake Ranger District,,36.804500,,,,-118.744864,,,,
,,,,,,,,,,,,,,,,,,,,
,,,,,,,,,,,,,,,,,,,,
162,,,,W-9)Trail 30E08 @ NPS Bndry - Jennie Lakes Wild,,,,,,Hume Lake Ranger District,,36.714913,,,,-118.716919,,,,
,,,,,,,,,,,,,,,,,,,,
,,,,,,,,,,,,,,,,,,,,
163,,,,W-10) Seville Lks Trail@NPS bndry - Jennie Lakes Wild,,,,,,Hume Lake Ranger District,,36.701749,,,,-118.724798,,,,
,,,,,,,,,,,,,,,,,,,,
,,,,,,,,,,,,,,,,,,,,
168,,,,W-16) Touhy Gap Trail - Golden Trout Wild.,,,,,,Western Divide Ranger District,,36.307298,,,,-118.673119,,,,
,,,,,,,,,,,,,,,,,,,,
,,,,,,,,,,,,,,,,,,,,
169,,,,W-25) Lewis Camp @ Coyote Ck - Golden Trout,,,,,,Western Divide Ranger District,,36.342815,,,,-118.409159,,,,
,,,,,,,,,,,,,,,,,,,,
,,,,,,,,,,,,,,,,,,,,
170,,,,W-26) Trail 33E09 - Golden Trout Wild,,,,,,Kern River Ranger District,,36.222828,,,,-118.345562,,,,
,,,,,,,,,,,,,,,,,,,,
,,,,,,,,,,,,,,,,,,,,
178,,,,W-38a) Shake Camp Packstation - Golden Trout,,,,,,Western Divide Ranger District,,36.191555,,,,-118.643270,,,,
,,,,,,,,,,,,,,,,,,,,
,,,,,,,,,,,,,,,,,,,,
190,,,,Woodpecker Trl 34E08 - Domeland Wild,,,,,,Kern River Ranger District,,36.017041,,,,-118.281910,,,,
,,,,,,,,,,,,,,,,,,,,
,,,,,,,,,,,,,,,,,,,,
,,,,,,,,,,,,,,,,,,,,
,,,,,,,,,,,,,,,,,,,,
,,,,,,,,,,,,,,,,,,,,
,,,,,,,,,,,,,,,,,,,,
,10/6/2022,,,,,,,,,,,,,Page 11 of 11,,,,,,
,,,,,,,,,,,,,,,,,,,,
